{
  "databaseName": [
    "jobs",
    "team",
    "tasks",
    "books",
    "blogs",
    "todos",
    "projects",
    "todo-app",
    "transactions",
    "databaseName",
    "transactions-old"
  ],
  "projects": [
    {
      "id": 1,
      "projectName": "Scoreboard",
      "colorClass": "color-scoreboard"
    },
    {
      "id": 2,
      "projectName": "Flight Booking",
      "colorClass": "color-flight"
    },
    {
      "id": 3,
      "projectName": "Product Cart",
      "colorClass": "color-productCart"
    },
    {
      "id": 4,
      "projectName": "Book Store",
      "colorClass": "color-bookstore"
    },
    {
      "id": 5,
      "projectName": "Blog Application",
      "colorClass": "color-blog"
    },
    {
      "id": 6,
      "projectName": "Job Finder",
      "colorClass": "color-jobFinder"
    }
  ],
  "team": [
    {
      "name": "Sumit Saha",
      "avatar": "/images/avatars/sumit.png",
      "id": 1
    },
    {
      "name": "Sadh Hasan",
      "avatar": "/images/avatars/sadh.png",
      "id": 2
    },
    {
      "name": "Akash Ahmed",
      "avatar": "/images/avatars/akash.png",
      "id": 3
    },
    {
      "name": "Md Salahuddin",
      "avatar": "/images/avatars/salahuddin.png",
      "id": 4
    },
    {
      "name": "Riyadh Hassan",
      "avatar": "/images/avatars/riyadh.png",
      "id": 5
    },
    {
      "name": "Ferdous Hassan",
      "avatar": "/images/avatars/ferdous.png",
      "id": 6
    },
    {
      "name": "Arif Almas",
      "avatar": "/images/avatars/almas.png",
      "id": 7
    }
  ],
  "tasks": [
    {
      "taskName": "Updated onQueryStarted",
      "teamMember": {
        "id": 4,
        "name": "Md Salahuddin",
        "avatar": "/images/avatars/salahuddin.png"
      },
      "project": {
        "id": 1,
        "projectName": "Scoreboard",
        "colorClass": "color-scoreboard"
      },
      "deadline": "2023-07-15",
      "id": 1,
      "status": "inProgress"
    },
    {
      "taskName": "Updated",
      "teamMember": {
        "id": 3,
        "name": "Akash Ahmed",
        "avatar": "/images/avatars/akash.png"
      },
      "project": {
        "id": 2,
        "projectName": "Flight Booking",
        "colorClass": "color-flight"
      },
      "deadline": "2023-12-23",
      "id": 2,
      "projectName": "Scoreboard",
      "status": "inProgress"
    },
    {
      "taskName": "Task Three",
      "teamMember": {
        "id": 4,
        "name": "Md Salahuddin",
        "avatar": "/images/avatars/salahuddin.png"
      },
      "project": {
        "id": 3,
        "projectName": "Product Cart",
        "colorClass": "color-productCart"
      },
      "deadline": "2023-01-03",
      "id": 3,
      "status": "inProgress"
    },
    {
      "taskName": "New Task",
      "teamMember": {
        "name": "Sumit Saha",
        "avatar": "/images/avatars/sumit.png",
        "id": 1
      },
      "project": {
        "id": 1,
        "projectName": "Scoreboard",
        "colorClass": "color-scoreboard"
      },
      "deadline": "2023-08-11",
      "projectName": "Scoreboard",
      "id": 4
    },
    {
      "taskName": "Fix a bug",
      "teamMember": {
        "name": "Md Salahuddin",
        "avatar": "/images/avatars/salahuddin.png",
        "id": 4
      },
      "projectName": "Book Store",
      "deadline": "2023-06-18",
      "project": {
        "id": 4,
        "projectName": "Book Store",
        "colorClass": "color-bookstore"
      },
      "id": 5,
      "status": "completed"
    },
    {
      "taskName": "New Task",
      "deadline": "2023-05-18",
      "status": "inProgress",
      "project": {
        "id": 2,
        "colorClass": "color-flight",
        "projectName": "Flight Booking"
      },
      "teamMember": {
        "id": 5,
        "name": "Riyadh Hassan",
        "avatar": "/images/avatars/riyadh.png"
      },
      "id": 9
    },
    {
      "taskName": "New Month",
      "deadline": "2023-09-15",
      "status": "inProgress",
      "project": {
        "id": 6,
        "colorClass": "color-jobFinder",
        "projectName": "Job Finder"
      },
      "teamMember": {
        "id": 7,
        "name": "Arif Almas",
        "avatar": "/images/avatars/almas.png"
      },
      "id": 10
    },
    {
      "taskName": "Invalid Task",
      "deadline": "2023-03-18",
      "status": "inProgress",
      "project": {
        "id": 1,
        "colorClass": "color-scoreboard",
        "projectName": "Scoreboard"
      },
      "teamMember": {
        "id": 1,
        "name": "Sumit Saha",
        "avatar": "/images/avatars/sumit.png"
      },
      "id": 11
    },
    {
      "taskName": "Invalid Success Task",
      "deadline": "2023-02-28",
      "status": "inProgress",
      "project": {
        "id": 4,
        "colorClass": "color-bookstore",
        "projectName": "Book Store"
      },
      "teamMember": {
        "id": 6,
        "name": "Ferdous Hassan",
        "avatar": "/images/avatars/ferdous.png"
      },
      "id": 12
    },
    {
      "taskName": "Emplement Task",
      "deadline": "2023-03-24",
      "status": "inProgress",
      "project": {
        "id": 6,
        "colorClass": "color-jobFinder",
        "projectName": "Job Finder"
      },
      "teamMember": {
        "id": 6,
        "name": "Ferdous Hassan",
        "avatar": "/images/avatars/ferdous.png"
      },
      "id": 13
    }
  ],
  "books": [
    {
      "name": "Slow Horses (Deluxe Edition)",
      "author": "Mick Herron",
      "thumbnail": "https://m.media-amazon.com/images/I/51Ga5GuElyL._SX331_BO1,204,203,200_.jpg",
      "price": "20",
      "rating": "3",
      "featured": false,
      "id": 1
    },
    {
      "name": "The Last Thing He Told Me: A Novel",
      "author": "Laura Dave",
      "thumbnail": "https://images.unsplash.com/photo-1495446815901-a7297e633e8d?ixlib=rb-4.0.3&ixid=MnwxMjA3fDB8MHxzZWFyY2h8Mzh8fGJvb2t8ZW58MHx8MHx8&auto=format&fit=crop&w=500&q=60",
      "price": 13.99,
      "rating": 4,
      "featured": false,
      "id": 2
    },
    {
      "name": "Eloquent JavaScript, 3rd Edition",
      "author": "Marijn Haverbeke",
      "thumbnail": "https://m.media-amazon.com/images/I/51InjRPaF7L._SX377_BO1,204,203,200_.jpg",
      "price": 23.99,
      "rating": "2",
      "featured": false,
      "id": 4
    },
    {
      "name": "Milk and Honey",
      "author": "SYED AMIR ALI",
      "thumbnail": "https://images.unsplash.com/photo-1544947950-fa07a98d237f?ixlib=rb-4.0.3&ixid=MnwxMjA3fDB8MHxzZWFyY2h8MTF8fGJvb2t8ZW58MHx8MHx8&auto=format&fit=crop&w=500&q=60",
      "price": "1299",
      "rating": "3",
      "featured": false,
      "id": 5
    },
    {
      "name": "SYED AMIR ALI",
      "author": "সৈয়দ আমীর আলী! ",
      "thumbnail": "https://images.unsplash.com/photo-1543002588-bfa74002ed7e?ixlib=rb-4.0.3&ixid=MnwxMjA3fDB8MHxzZWFyY2h8Mnx8Ym9va3xlbnwwfHwwfHw%3D&auto=format&fit=crop&w=500&q=60",
      "price": "1299",
      "rating": "1",
      "featured": true,
      "id": 6
    },
    {
      "name": "Family Learning",
      "author": "সৈয়দ আমীর আলী! ",
      "thumbnail": "https://plus.unsplash.com/premium_photo-1661757941186-581ea5ac398c?ixlib=rb-4.0.3&ixid=MnwxMjA3fDB8MHxzZWFyY2h8MTl8fGJvb2t8ZW58MHx8MHx8&auto=format&fit=crop&w=500&q=60",
      "price": "29999",
      "rating": "5",
      "featured": false,
      "id": 7
    },
    {
      "name": "Magical Histoey of Horny Book",
      "author": "Kokroch Kosmoch",
      "thumbnail": "https://images.unsplash.com/photo-1562183241-b937e95585b6?ixlib=rb-4.0.3&ixid=MnwxMjA3fDB8MHxzZWFyY2h8MTF8fHNob2V8ZW58MHx8MHx8&auto=format&fit=crop&w=500&q=60",
      "price": "199",
      "rating": "5",
      "featured": false,
      "id": 9
    },
    {
      "name": "Calculas Book",
      "author": "SYED AMIR ALI",
      "thumbnail": "https://images.unsplash.com/photo-1513001900722-370f803f498d?ixlib=rb-4.0.3&ixid=MnwxMjA3fDB8MHxzZWFyY2h8Nnx8Ym9va3N8ZW58MHx8MHx8&auto=format&fit=crop&w=500&q=60",
      "price": "999",
      "rating": "4",
      "featured": false,
      "id": 10
    },
    {
      "name": "SYED AMIR ALI",
      "author": "সৈয়দ আমীর আলী! ",
      "thumbnail": "https://images.unsplash.com/photo-1661956602116-aa6865609028?ixlib=rb-4.0.3&ixid=MnwxMjA3fDF8MHxlZGl0b3JpYWwtZmVlZHwxMXx8fGVufDB8fHx8&auto=format&fit=crop&w=500&q=60",
      "price": "15990",
      "rating": "5",
      "featured": true,
      "id": 11
    }
  ],
  "transactions-old": [
    {
      "id": 1,
      "name": "Salary from Google",
      "type": "income",
      "amount": 1000000
    },
    {
      "id": 2,
      "name": "Family Expenses",
      "type": "expense",
      "amount": 200000
    }
  ],
  "todo-app": [
    {
      "id": 1,
      "text": "Bangladesh is Highly Corrupted Country by their Political People!",
      "tags": [
        "green",
        "yellow",
        "red"
      ],
      "isSelected": false
    },
    {
      "id": 2,
      "text": "Bangladesh is Highly Over Populated Country!",
      "tags": [
        "green",
        "yellow"
      ],
      "isSelected": false
    },
    {
      "id": 3,
      "text": "Bangladesh is Riverine Country!",
      "tags": [
        "red"
      ],
      "isSelected": true
    },
    {
      "id": 4,
      "text": "Bangladesh is Muslims Country!",
      "tags": [],
      "isSelected": true
    }
  ],
  "blogs": [
    {
      "id": 1,
      "title": "MERN is the new trend for web development!",
      "description": "A MERN stack comprises a collection of four frameworks (MongoDB, ExpressJs, ReactJs and NodeJs) used to develop full-stack javascript solutions for rapid, scalable, and secure applications. Each framework serves a different purpose in creating successful web applications. It is an excellent choice for companies looking to develop high-quality responsive applications quickly using just one language. Ready to create a new web application? Yes, then refer to the following articles for a step-by-step guide to configure the frameworks on your local machine.",
      "image": "https://crowdbotics.ghost.io/content/images/2019/05/MERN.png",
      "tags": [
        "javascript",
        "nodejs",
        "react"
      ],
      "likes": 10,
      "isSaved": false,
      "createdAt": "2020-07-15",
      "like": 21
    },
    {
      "id": 2,
      "title": "Javascript is the game changer!",
      "description": "A MERN stack comprises a collection of four frameworks (MongoDB, ExpressJs, ReactJs and NodeJs) used to develop full-stack javascript solutions for rapid, scalable, and secure applications. Each framework serves a different purpose in creating successful web applications. It is an excellent choice for companies looking to develop high-quality responsive applications quickly using just one language. Ready to create a new web application? Yes, then refer to the following articles for a step-by-step guide to configure the frameworks on your local machine.",
      "image": "https://miro.medium.com/max/1400/1*BPSx-c--z6r7tY29L19ukQ.png",
      "tags": [
        "javascript",
        "nodejs",
        "react"
      ],
      "likes": 510,
      "isSaved": true,
      "createdAt": "2022-07-15"
    },
    {
      "id": 3,
      "title": "Is HTML a programming language?",
      "description": "A MERN stack comprises a collection of four frameworks (MongoDB, ExpressJs, ReactJs and NodeJs) used to develop full-stack javascript solutions for rapid, scalable, and secure applications. Each framework serves a different purpose in creating successful web applications. It is an excellent choice for companies looking to develop high-quality responsive applications quickly using just one language. Ready to create a new web application? Yes, then refer to the following articles for a step-by-step guide to configure the frameworks on your local machine.",
      "image": "https://www.freecodecamp.org/news/content/images/2021/08/html.png",
      "tags": [
        "html",
        "programming"
      ],
      "likes": 20,
      "isSaved": true,
      "createdAt": "2021-07-15"
    },
    {
      "id": 4,
      "title": "How to Write Unit Tests in React",
      "description": "When you're building a website and coding all the cool features you had planned, you'll want to test if everything works as expected. \nNow, you can’t do that just by going through the website yourself – you need to check if each unit of your code is working as you want. For that, you need to write unit tests. And they can be quite a hassle when you actually get down to writing them. \nSo, in this post, I am going to show you how you can get started with writing unit tests in React. I will explain the process through several examples to help you understand better,",
      "image": "https://res.cloudinary.com/daily-now/image/upload/f_auto,q_auto/v1/posts/255e60bcca96474adf200e92cb093048",
      "tags": [
        "react",
        "javascript",
        "testing",
        "programming"
      ],
      "likes": 24,
      "isSaved": false,
      "createdAt": "2023-01-25"
    },
    {
      "id": 5,
      "title": "How to Learn to Code & Get a Developer Job in 2023",
      "description": "A few years back, one of the Big 5 book publishers from New York City reached out to me about a book deal. I met with them, but didn't have time to write a book.\nWell, I finally had time. And I decided to just publish this book for free, right here on freeCodeCamp.\n\nInformation wants to be free, right? 🙂It may take you a few hours to read all this. But this is it. My insights into learning to code and getting a developer job.",
      "image": "https://res.cloudinary.com/daily-now/image/upload/f_auto,q_auto/v1/posts/1afab632ce21854f5a7dd1011d855e43",
      "tags": [
        "react",
        "javascript",
        "testing",
        "programming"
      ],
      "likes": 90,
      "isSaved": true,
      "createdAt": "2023-01-13"
    },
    {
      "id": 6,
      "title": "Learn Tailwind CSS",
      "description": "Tailwind CSS is a powerful tool for creating beautiful and functional designs.\nWe just published a video course on the freeCodeCamp.org channel that is designed to introduce you to the basics of using Tailwind CSS, and to help you understand how to use it to create effective and efficient designs for your projects.\n\nGuillaume Duhan created this course. He has been a frontend developer for 10 years and he has created many courses on Udemy and his own YouTube channel.",
      "image": "https://res.cloudinary.com/daily-now/image/upload/f_auto,q_auto/v1/posts/2d6c65e3781bee51aa9cb02ce7ac066a",
      "tags": [
        "tailwind",
        "tailwindcss",
        "css"
      ],
      "likes": 44,
      "isSaved": false,
      "createdAt": "2022-01-23"
    },
    {
      "id": 7,
      "title": "Data Structures: How Computers Store and Organize Data",
      "description": "Introduction\n\nData in computer systems is essentially any type of information that can be processed and stored by a computer. This can include numbers, letters, sounds, images, and more. In order to make it easier for computers to access and manipulate this data, it is often organized and structured using data structures.",
      "image": "https://res.cloudinary.com/daily-now/image/upload/f_auto,q_auto/v1/posts/eb42d2ca714ecc04115b6733b0d22ce7",
      "tags": [
        "programming",
        "DS",
        "Algo"
      ],
      "likes": 184,
      "isSaved": false,
      "createdAt": "2023-01-13"
    },
    {
      "id": 8,
      "title": "How to build a secure API gateway in Node.js",
      "description": "Microservices offer significant advantages compared to monoliths. You can scale the development more easily and have precise control over scaling infrastructure. Additionally, the ability to make many minor updates and incremental rollouts significantly reduces the time to market.",
      "image": "https://res.cloudinary.com/daily-now/image/upload/f_auto,q_auto/v1/posts/ce3dfe8efbd75e276466ebf82d0143f7",
      "tags": [
        "express",
        "nodejs",
        "javascript"
      ],
      "likes": 24,
      "isSaved": false,
      "createdAt": "2022-11-13"
    }
  ],
  "todos": [
    {
      "id": 1,
      "text": "Bangladesh is Highly Corrupted Country by their Political People!",
      "tags": [
        "red"
      ],
      "isCompleted": false
    },
    {
      "id": 2,
      "text": "Bangladesh is Highly Over Populated Country!",
      "tags": [],
      "isCompleted": false
    },
    {
      "id": 3,
      "text": "SYED AMIR ALI",
      "tags": [
        "red"
      ],
      "isCompleted": true
    },
    {
      "id": 4,
      "text": "Bangladesh is Muslims Country!",
      "tags": [],
      "isCompleted": false
    },
    {
      "id": 8,
      "text": "My Name is SYED AMIR ALI",
      "isCompleted": true,
      "tags": []
    },
    {
      "id": 9,
      "text": "It's Nothing Bro",
      "isCompleted": false,
      "tags": [
        "yellow"
      ]
    },
    {
      "id": 10,
      "text": "Google Meet",
      "isCompleted": false,
      "tags": []
    }
  ],
  "transactions": [
    {
      "name": "Pendrive Purchase",
      "amount": "500",
      "type": "expense",
      "id": 1
    },
    {
      "name": "Salary from Tution",
      "type": "income",
      "amount": 2000,
      "id": 2
    },
    {
      "name": "Upori Income",
      "type": "income",
      "amount": 20000,
      "id": 3
    }
  ],
  "jobs": [
    {
      "title": "Frontend Developer",
      "type": "Internship",
      "salary": 90000,
      "deadline": "2023-03-31",
      "id": 4
    },
    {
      "title": "Software Developer",
      "type": "Internship",
      "salary": 56787,
      "deadline": "2023-01-01",
      "id": 5
    },
    {
      "title": "Product Manager",
      "type": "Full Time",
      "salary": 19000,
      "deadline": "2023-03-17",
      "id": 6
    },
    {
      "title": "Software Engineer",
      "type": "Internship",
      "salary": 855200,
      "deadline": "2023-03-25",
      "id": 7
    },
    {
      "title": "Software Developer",
      "type": "Full Time",
      "salary": 789347896,
      "deadline": "2023-03-16",
      "id": 8
    },
    {
      "title": "",
      "type": "Full Time",
      "salary": 837364,
      "deadline": "2023-03-24",
      "id": 9
    },
    {
      "title": "Junior Executive",
      "type": "Internship",
      "salary": 3426574464,
      "deadline": "2023-04-08",
      "id": 10
    },
    {
      "title": "IOS App Developer",
      "type": "Remote",
      "salary": 2400,
      "deadline": "2023-03-31",
      "id": 11
    },
    {
      "title": "Senior Executive",
      "type": "Remote",
      "salary": 436347367,
      "deadline": "2023-03-01",
      "id": 12
    },
    {
      "title": "Software Developer",
      "type": "Remote",
      "salary": 100000,
      "deadline": "2023-03-24",
      "id": 13
    },
    {
      "title": "QA Engineer",
      "type": "Remote",
      "salary": 100,
      "deadline": "2023-03-31",
      "id": 14
    }
  ]
}